performanceRatingOverall,ticker,regularMarketChange,netExpenseRatio,trailing3mReturn,companyName,twoHundredDayMovingAvg,fundNetAssets,grossExpenseRatio,regularMarketChangePercent,annualReturnNavY1,fiftyTwoWeekChangePercent,regularMarketPrice,fiftyTwoWeekLow,trailingYtdReturn,annualReturnNavY3,annualReturnNavY5,riskRatingOverall,exchange,region,fiftyDayMovingAvg,fiftyTwoWeekHigh
5.0,0P0001EG46.TO,"{'raw': 0.2428999, 'fmt': '0.24'}","{'raw': 0.0, 'fmt': '0.00'}","{'raw': 5.35771, 'fmt': '5.36%'}",CAN Can Small Cap 75/100 (P),"{'raw': 12.19986, 'fmt': '12.20'}","{'raw': 17651885.0, 'fmt': '17.652M', 'longFmt': '17,651,885'}","{'raw': 0.0, 'fmt': '0.00'}","{'raw': 1.8626436, 'fmt': '1.86%'}","{'raw': 20.04298, 'fmt': '20.04%'}","{'raw': 13.291144, 'fmt': '13.29%'}","{'raw': 13.2835, 'fmt': '13.28'}","{'raw': 10.1238, 'fmt': '10.12'}","{'raw': 11.13296, 'fmt': '11.13%'}","{'raw': -7.34308, 'fmt': '-7.34%'}","{'raw': 0.5764, 'fmt': '0.58%'}",4.0,TOR,ca,"{'raw': 13.190624, 'fmt': '13.19'}","{'raw': 13.6169, 'fmt': '13.62'}"
5.0,0P0001EG4A.TO,"{'raw': 0.23989964, 'fmt': '0.24'}","{'raw': 0.0, 'fmt': '0.00'}","{'raw': 5.34503, 'fmt': '5.35%'}",CAN Can Small Cap 100/100 (PP),"{'raw': 12.055742, 'fmt': '12.06'}","{'raw': 17651885.0, 'fmt': '17.652M', 'longFmt': '17,651,885'}","{'raw': 0.0, 'fmt': '0.00'}","{'raw': 1.8619531, 'fmt': '1.86%'}","{'raw': 19.98883, 'fmt': '19.99%'}","{'raw': 13.244116, 'fmt': '13.24%'}","{'raw': 13.1242, 'fmt': '13.12'}","{'raw': 10.0051, 'fmt': '10.01'}","{'raw': 11.09493, 'fmt': '11.09%'}","{'raw': -7.37903, 'fmt': '-7.38%'}","{'raw': -0.34608, 'fmt': '-0.35%'}",4.0,TOR,ca,"{'raw': 13.033008, 'fmt': '13.03'}","{'raw': 13.454, 'fmt': '13.45'}"
4.0,0P0001EG47.TO,"{'raw': 0.23379993, 'fmt': '0.23'}","{'raw': 0.0, 'fmt': '0.00'}","{'raw': 5.25229, 'fmt': '5.25%'}",CAN Can Small Cap 100/100 (P),"{'raw': 11.767522, 'fmt': '11.77'}","{'raw': 17651885.0, 'fmt': '17.652M', 'longFmt': '17,651,885'}","{'raw': 0.0, 'fmt': '0.00'}","{'raw': 1.8615681, 'fmt': '1.86%'}","{'raw': 19.58399, 'fmt': '19.58%'}","{'raw': 12.847769, 'fmt': '12.85%'}","{'raw': 12.7931, 'fmt': '12.79'}","{'raw': 9.7722, 'fmt': '9.77'}","{'raw': 10.76373, 'fmt': '10.76%'}","{'raw': -7.70972, 'fmt': '-7.71%'}","{'raw': -0.70784, 'fmt': '-0.71%'}",4.0,TOR,ca,"{'raw': 12.708444, 'fmt': '12.71'}","{'raw': 13.1175, 'fmt': '13.12'}"
3.0,0P0000W7V8.TO,"{'raw': 0.30590057, 'fmt': '0.31'}","{'raw': 0.0, 'fmt': '0.00'}","{'raw': 5.21382, 'fmt': '5.21%'}",CAN Can Small Cap 75/75 (PS1),"{'raw': 15.412922, 'fmt': '15.41'}","{'raw': 17651885.0, 'fmt': '17.652M', 'longFmt': '17,651,885'}","{'raw': 0.0, 'fmt': '0.00'}","{'raw': 1.860562, 'fmt': '1.86%'}","{'raw': 19.39771, 'fmt': '19.40%'}","{'raw': 12.689245, 'fmt': '12.69%'}","{'raw': 16.7472, 'fmt': '16.75'}","{'raw': 12.8028, 'fmt': '12.80'}","{'raw': 10.63313, 'fmt': '10.63%'}","{'raw': -7.84319, 'fmt': '-7.84%'}","{'raw': 0.05212, 'fmt': '0.05%'}",4.0,TOR,ca,"{'raw': 16.638573, 'fmt': '16.64'}","{'raw': 17.1733, 'fmt': '17.17'}"
3.0,0P0000W7V7.TO,"{'raw': 0.2968998, 'fmt': '0.30'}","{'raw': 0.0, 'fmt': '0.00'}","{'raw': 5.15582, 'fmt': '5.16%'}",CAN Can Small Cap 75/100 (PS1),"{'raw': 14.974654, 'fmt': '14.97'}","{'raw': 17651885.0, 'fmt': '17.652M', 'longFmt': '17,651,885'}","{'raw': 0.0, 'fmt': '0.00'}","{'raw': 1.8602278, 'fmt': '1.86%'}","{'raw': 19.13347, 'fmt': '19.13%'}","{'raw': 12.444234, 'fmt': '12.44%'}","{'raw': 16.2573, 'fmt': '16.26'}","{'raw': 12.4437, 'fmt': '12.44'}","{'raw': 10.43011, 'fmt': '10.43%'}","{'raw': -8.04545, 'fmt': '-8.05%'}","{'raw': -0.16433, 'fmt': '-0.16%'}",4.0,TOR,ca,"{'raw': 16.15521, 'fmt': '16.16'}","{'raw': 16.6732, 'fmt': '16.67'}"
2.0,0P0000738L.TO,"{'raw': 0.51129913, 'fmt': '0.51'}","{'raw': 0.0, 'fmt': '0.00'}","{'raw': 4.97307, 'fmt': '4.97%'}",FaithLife Cdn Small Cap Equity (Bissett),"{'raw': 25.86139, 'fmt': '25.86'}","{'raw': 1438792.0, 'fmt': '1.439M', 'longFmt': '1,438,792'}","{'raw': 0.0, 'fmt': '0.00'}","{'raw': 1.8601692, 'fmt': '1.86%'}","{'raw': 18.31584, 'fmt': '18.32%'}","{'raw': 11.635292, 'fmt': '11.64%'}","{'raw': 27.998, 'fmt': '28.00'}","{'raw': 21.5223, 'fmt': '21.52'}","{'raw': 9.73737, 'fmt': '9.74%'}","{'raw': -8.73961, 'fmt': '-8.74%'}","{'raw': -0.62876, 'fmt': '-0.63%'}",4.0,TOR,ca,"{'raw': 27.83843, 'fmt': '27.84'}","{'raw': 28.725, 'fmt': '28.73'}"
3.0,0P0000CUAB.TO,"{'raw': 0.3246994, 'fmt': '0.32'}","{'raw': 0.0, 'fmt': '0.00'}","{'raw': 5.13677, 'fmt': '5.14%'}",Canada Life Can Small Cap Gens C,"{'raw': 16.381838, 'fmt': '16.38'}","{'raw': 17651885.0, 'fmt': '17.652M', 'longFmt': '17,651,885'}","{'raw': 0.0, 'fmt': '0.00'}","{'raw': 1.8601658, 'fmt': '1.86%'}","{'raw': 19.04677, 'fmt': '19.05%'}","{'raw': 12.363731, 'fmt': '12.36%'}","{'raw': 17.7801, 'fmt': '17.78'}","{'raw': 13.6149, 'fmt': '13.61'}","{'raw': 10.36274, 'fmt': '10.36%'}","{'raw': -8.11269, 'fmt': '-8.11%'}","{'raw': -0.24034, 'fmt': '-0.24%'}",4.0,TOR,ca,"{'raw': 17.66963, 'fmt': '17.67'}","{'raw': 18.2358, 'fmt': '18.24'}"
3.0,0P0000M5JR.TO,"{'raw': 0.3708992, 'fmt': '0.37'}","{'raw': 0.0, 'fmt': '0.00'}","{'raw': 5.13681, 'fmt': '5.14%'}",CAN Can Small Cap 75/75,"{'raw': 18.714462, 'fmt': '18.71'}","{'raw': 17651885.0, 'fmt': '17.652M', 'longFmt': '17,651,885'}","{'raw': 0.0, 'fmt': '0.00'}","{'raw': 1.8599921, 'fmt': '1.86%'}","{'raw': 19.04657, 'fmt': '19.05%'}","{'raw': 12.363911, 'fmt': '12.36%'}","{'raw': 20.3118, 'fmt': '20.31'}","{'raw': 15.5535, 'fmt': '15.55'}","{'raw': 10.36263, 'fmt': '10.36%'}","{'raw': -8.11208, 'fmt': '-8.11%'}","{'raw': -0.2408, 'fmt': '-0.24%'}",4.0,TOR,ca,"{'raw': 20.185625, 'fmt': '20.19'}","{'raw': 20.8324, 'fmt': '20.83'}"
3.0,0P0000M54T.TO,"{'raw': 0.35610008, 'fmt': '0.36'}","{'raw': 0.0, 'fmt': '0.00'}","{'raw': 5.06388, 'fmt': '5.06%'}",CAN Can Small Cap 75/100,"{'raw': 17.98996, 'fmt': '17.99'}","{'raw': 17651885.0, 'fmt': '17.652M', 'longFmt': '17,651,885'}","{'raw': 0.0, 'fmt': '0.00'}","{'raw': 1.859647, 'fmt': '1.86%'}","{'raw': 18.71687, 'fmt': '18.72%'}","{'raw': 12.058485, 'fmt': '12.06%'}","{'raw': 19.5049, 'fmt': '19.50'}","{'raw': 14.9589, 'fmt': '14.96'}","{'raw': 10.10946, 'fmt': '10.11%'}","{'raw': -8.36509, 'fmt': '-8.37%'}","{'raw': -0.51431, 'fmt': '-0.51%'}",4.0,TOR,ca,"{'raw': 19.388786, 'fmt': '19.39'}","{'raw': 20.0083, 'fmt': '20.01'}"
3.0,0P0000771E.TO,"{'raw': 0.27420044, 'fmt': '0.27'}","{'raw': 0.0, 'fmt': '0.00'}","{'raw': 5.06324, 'fmt': '5.06%'}",Canada Life Can Small Cap Gens I,"{'raw': 13.852484, 'fmt': '13.85'}","{'raw': 17651885.0, 'fmt': '17.652M', 'longFmt': '17,651,885'}","{'raw': 0.0, 'fmt': '0.00'}","{'raw': 1.8596417, 'fmt': '1.86%'}","{'raw': 18.71606, 'fmt': '18.72%'}","{'raw': 12.058676, 'fmt': '12.06%'}","{'raw': 15.019, 'fmt': '15.02'}","{'raw': 11.5185, 'fmt': '11.52'}","{'raw': 10.10997, 'fmt': '10.11%'}","{'raw': -8.36566, 'fmt': '-8.37%'}","{'raw': -0.51499, 'fmt': '-0.51%'}",4.0,TOR,ca,"{'raw': 14.929594, 'fmt': '14.93'}","{'raw': 15.4066, 'fmt': '15.41'}"
3.0,0P000070V6.TO,"{'raw': 0.7528, 'fmt': '0.75'}","{'raw': 0.0, 'fmt': '0.00'}","{'raw': 5.06337, 'fmt': '5.06%'}",Canada Vie Petites capit cdns Gén,"{'raw': 38.03697, 'fmt': '38.04'}","{'raw': 17651885.0, 'fmt': '17.652M', 'longFmt': '17,651,885'}","{'raw': 0.0, 'fmt': '0.00'}","{'raw': 1.859353, 'fmt': '1.86%'}","{'raw': 18.7164, 'fmt': '18.72%'}","{'raw': 12.05852, 'fmt': '12.06%'}","{'raw': 41.24, 'fmt': '41.24'}","{'raw': 31.6282, 'fmt': '31.63'}","{'raw': 10.10958, 'fmt': '10.11%'}","{'raw': -8.36494, 'fmt': '-8.36%'}","{'raw': -0.51312, 'fmt': '-0.51%'}",4.0,TOR,ca,"{'raw': 40.994568, 'fmt': '40.99'}","{'raw': 42.3044, 'fmt': '42.30'}"
3.0,0P0000W7V6.TO,"{'raw': 0.28130054, 'fmt': '0.28'}","{'raw': 0.0, 'fmt': '0.00'}","{'raw': 5.05353, 'fmt': '5.05%'}",CAN Can Small Cap 100/100 (PS1),"{'raw': 14.219269, 'fmt': '14.22'}","{'raw': 17651885.0, 'fmt': '17.652M', 'longFmt': '17,651,885'}","{'raw': 0.0, 'fmt': '0.00'}","{'raw': 1.8588428, 'fmt': '1.86%'}","{'raw': 18.67156, 'fmt': '18.67%'}","{'raw': 12.016737, 'fmt': '12.02%'}","{'raw': 15.4144, 'fmt': '15.41'}","{'raw': 11.8243, 'fmt': '11.82'}","{'raw': 10.07455, 'fmt': '10.07%'}","{'raw': -8.39947, 'fmt': '-8.40%'}","{'raw': -0.55316, 'fmt': '-0.55%'}",4.0,TOR,ca,"{'raw': 15.323246, 'fmt': '15.32'}","{'raw': 15.8127, 'fmt': '15.81'}"
2.0,0P0000M549.TO,"{'raw': 0.33440018, 'fmt': '0.33'}","{'raw': 0.0, 'fmt': '0.00'}","{'raw': 4.96166, 'fmt': '4.96%'}",CAN Can Small Cap 100/100,"{'raw': 16.92975, 'fmt': '16.93'}","{'raw': 17651885.0, 'fmt': '17.652M', 'longFmt': '17,651,885'}","{'raw': 0.0, 'fmt': '0.00'}","{'raw': 1.8584086, 'fmt': '1.86%'}","{'raw': 18.25637, 'fmt': '18.26%'}","{'raw': 11.632681, 'fmt': '11.63%'}","{'raw': 18.3283, 'fmt': '18.33'}","{'raw': 14.0871, 'fmt': '14.09'}","{'raw': 9.75621, 'fmt': '9.76%'}","{'raw': -8.71789, 'fmt': '-8.72%'}","{'raw': -0.89731, 'fmt': '-0.90%'}",4.0,TOR,ca,"{'raw': 18.225878, 'fmt': '18.23'}","{'raw': 18.8059, 'fmt': '18.81'}"
,0P00007160.TO,"{'raw': 1.3269958, 'fmt': '1.33'}","{'raw': 0.0, 'fmt': '0.00'}",,Franklin ClearBridge Canadian Sm Cap F,"{'raw': 66.522995, 'fmt': '66.52'}","{'raw': 226948167.0, 'fmt': '226.948M', 'longFmt': '226,948,167'}","{'raw': 0.0, 'fmt': '0.00'}","{'raw': 1.8581966, 'fmt': '1.86%'}",,"{'raw': 13.850665, 'fmt': '13.85%'}","{'raw': 72.7401, 'fmt': '72.74'}","{'raw': 55.0615, 'fmt': '55.06'}",,,,,TOR,ca,"{'raw': 72.14633, 'fmt': '72.15'}","{'raw': 74.5059, 'fmt': '74.51'}"
2.0,0P0000KS1K.TO,"{'raw': 0.28980064, 'fmt': '0.29'}","{'raw': 0.0, 'fmt': '0.00'}","{'raw': 4.96116, 'fmt': '4.96%'}",Canada Life Can Small Cap Gens II,"{'raw': 14.676253, 'fmt': '14.68'}","{'raw': 17651885.0, 'fmt': '17.652M', 'longFmt': '17,651,885'}","{'raw': 0.0, 'fmt': '0.00'}","{'raw': 1.8578393, 'fmt': '1.86%'}","{'raw': 18.25593, 'fmt': '18.26%'}","{'raw': 11.63212, 'fmt': '11.63%'}","{'raw': 15.8886, 'fmt': '15.89'}","{'raw': 12.212, 'fmt': '12.21'}","{'raw': 9.75595, 'fmt': '9.76%'}","{'raw': -8.71687, 'fmt': '-8.72%'}","{'raw': -0.8979, 'fmt': '-0.90%'}",4.0,TOR,ca,"{'raw': 15.799856, 'fmt': '15.80'}","{'raw': 16.3027, 'fmt': '16.30'}"
,0P000168SC.TO,"{'raw': 0.21020031, 'fmt': '0.21'}","{'raw': 0.0, 'fmt': '0.00'}",,Franklin ClearBridge Canadian Sm Cap PF,"{'raw': 10.540427, 'fmt': '10.54'}","{'raw': 226948167.0, 'fmt': '226.948M', 'longFmt': '226,948,167'}","{'raw': 0.0, 'fmt': '0.00'}","{'raw': 1.8575989, 'fmt': '1.86%'}",,"{'raw': 13.675499, 'fmt': '13.68%'}","{'raw': 11.5259, 'fmt': '11.53'}","{'raw': 8.7243, 'fmt': '8.72'}",,,,,TOR,ca,"{'raw': 11.431764, 'fmt': '11.43'}","{'raw': 11.8057, 'fmt': '11.81'}"
2.0,0P000072XL.TO,"{'raw': 1.0264969, 'fmt': '1.03'}","{'raw': 0.0, 'fmt': '0.00'}","{'raw': 5.3894, 'fmt': '5.39%'}",Franklin ClearBridge Canadian Sm Cap A,"{'raw': 51.899597, 'fmt': '51.90'}","{'raw': 226948167.0, 'fmt': '226.948M', 'longFmt': '226,948,167'}","{'raw': 0.0, 'fmt': '0.00'}","{'raw': 1.8493173, 'fmt': '1.85%'}","{'raw': 19.79697, 'fmt': '19.80%'}","{'raw': 13.287735, 'fmt': '13.29%'}","{'raw': 56.5333, 'fmt': '56.53'}","{'raw': 43.0612, 'fmt': '43.06'}","{'raw': 11.17507, 'fmt': '11.18%'}","{'raw': -7.57272, 'fmt': '-7.57%'}","{'raw': 0.5995, 'fmt': '0.60%'}",3.0,TOR,ca,"{'raw': 56.132584, 'fmt': '56.13'}","{'raw': 57.9492, 'fmt': '57.95'}"
0.0,0P0001IIEH.TO,"{'raw': 0.28919983, 'fmt': '0.29'}","{'raw': 0.0, 'fmt': '0.00'}","{'raw': 7.44425, 'fmt': '7.44%'}",Franklin ClearBridge Canadian Sm Cap PA,"{'raw': 14.625777, 'fmt': '14.63'}","{'raw': 226948167.0, 'fmt': '226.948M', 'longFmt': '226,948,167'}","{'raw': 0.0, 'fmt': '0.00'}","{'raw': 1.8491156, 'fmt': '1.85%'}","{'raw': 17.91664, 'fmt': '17.92%'}","{'raw': 13.30986, 'fmt': '13.31%'}","{'raw': 15.9291, 'fmt': '15.93'}","{'raw': 12.1363, 'fmt': '12.14'}","{'raw': 18.57358, 'fmt': '18.57%'}","{'raw': 29.3916, 'fmt': '29.39%'}","{'raw': -0.24635, 'fmt': '-0.25%'}",0.0,TOR,ca,"{'raw': 15.816922, 'fmt': '15.82'}","{'raw': 16.3286, 'fmt': '16.33'}"
2.0,0P000071QH.TO,"{'raw': 0.35000038, 'fmt': '0.35'}","{'raw': 0.0, 'fmt': '0.00'}","{'raw': 5.00817, 'fmt': '5.01%'}",DSF FPG Sociétés à petite cap Bissett 3,"{'raw': 17.79845, 'fmt': '17.80'}","{'raw': 6462000.0, 'fmt': '6.462M', 'longFmt': '6,462,000'}","{'raw': 0.0, 'fmt': '0.00'}","{'raw': 1.8479428, 'fmt': '1.85%'}","{'raw': 18.75423, 'fmt': '18.75%'}","{'raw': 11.955893, 'fmt': '11.96%'}","{'raw': 19.29, 'fmt': '19.29'}","{'raw': 14.8, 'fmt': '14.80'}","{'raw': 9.97719, 'fmt': '9.98%'}","{'raw': -8.44476, 'fmt': '-8.44%'}","{'raw': 0.08787, 'fmt': '0.09%'}",4.0,TOR,ca,"{'raw': 19.1786, 'fmt': '19.18'}","{'raw': 19.79, 'fmt': '19.79'}"
5.0,0P0000ZMX4.TO,"{'raw': 0.4953003, 'fmt': '0.50'}","{'raw': 0.0, 'fmt': '0.00'}","{'raw': 37.31523, 'fmt': '37.32%'}",Dynamic Strategic Resource Class Ser IP,"{'raw': 20.709381, 'fmt': '20.71'}","{'raw': 76939000.0, 'fmt': '76.939M', 'longFmt': '76,939,000'}","{'raw': 0.0, 'fmt': '0.00'}","{'raw': 1.8178493, 'fmt': '1.82%'}","{'raw': 5.05835, 'fmt': '5.06%'}","{'raw': 48.068405, 'fmt': '48.07%'}","{'raw': 27.7418, 'fmt': '27.74'}","{'raw': 15.7256, 'fmt': '15.73'}","{'raw': 55.08454, 'fmt': '55.08%'}","{'raw': 17.90381, 'fmt': '17.90%'}","{'raw': 4.42773, 'fmt': '4.43%'}",3.0,TOR,ca,"{'raw': 26.196726, 'fmt': '26.20'}","{'raw': 31.2578, 'fmt': '31.26'}"
5.0,0P0000ZEK5.TO,"{'raw': 0.62409973, 'fmt': '0.62'}","{'raw': 0.0, 'fmt': '0.00'}","{'raw': 37.34683, 'fmt': '37.35%'}",Dynamic Strategic Resource Cl Ser I,"{'raw': 26.085606, 'fmt': '26.09'}","{'raw': 76939000.0, 'fmt': '76.939M', 'longFmt': '76,939,000'}","{'raw': 0.0, 'fmt': '0.00'}","{'raw': 1.8177838, 'fmt': '1.82%'}","{'raw': 5.16389, 'fmt': '5.16%'}","{'raw': 44.968403, 'fmt': '44.97%'}","{'raw': 34.9571, 'fmt': '34.96'}","{'raw': 19.8052, 'fmt': '19.81'}","{'raw': 55.251, 'fmt': '55.25%'}","{'raw': 18.01409, 'fmt': '18.01%'}","{'raw': 6.65639, 'fmt': '6.66%'}",3.0,TOR,ca,"{'raw': 33.00739, 'fmt': '33.01'}","{'raw': 39.3858, 'fmt': '39.39'}"
,0P0000UR7Z.TO,"{'raw': 0.45810127, 'fmt': '0.46'}","{'raw': 0.0, 'fmt': '0.00'}",,0P0000UR7Z.TO,"{'raw': 19.262901, 'fmt': '19.26'}","{'raw': 76939000.0, 'fmt': '76.939M', 'longFmt': '76,939,000'}","{'raw': 0.0, 'fmt': '0.00'}","{'raw': 1.8145069, 'fmt': '1.81%'}",,"{'raw': 45.02846, 'fmt': '45.03%'}","{'raw': 25.7047, 'fmt': '25.70'}","{'raw': 14.6636, 'fmt': '14.66'}",,,,,TOR,ca,"{'raw': 24.296034, 'fmt': '24.30'}","{'raw': 28.9744, 'fmt': '28.97'}"
4.0,0P0000UR7Y.TO,"{'raw': 0.40119934, 'fmt': '0.40'}","{'raw': 0.0, 'fmt': '0.00'}","{'raw': 36.59206, 'fmt': '36.59%'}",Dynamic Strategic Resource Class A,"{'raw': 16.96459, 'fmt': '16.96'}","{'raw': 76939000.0, 'fmt': '76.939M', 'longFmt': '76,939,000'}","{'raw': 0.0, 'fmt': '0.00'}","{'raw': 1.8115373, 'fmt': '1.81%'}","{'raw': 2.72023, 'fmt': '2.72%'}","{'raw': 43.341827, 'fmt': '43.34%'}","{'raw': 22.5481, 'fmt': '22.55'}","{'raw': 12.9397, 'fmt': '12.94'}","{'raw': 52.28843, 'fmt': '52.29%'}","{'raw': 15.27776, 'fmt': '15.28%'}","{'raw': 3.30071, 'fmt': '3.30%'}",3.0,TOR,ca,"{'raw': 21.330078, 'fmt': '21.33'}","{'raw': 25.4265, 'fmt': '25.43'}"
,0P00018TKU.TO,"{'raw': 0.36919975, 'fmt': '0.37'}","{'raw': 0.0, 'fmt': '0.00'}",,0P00018TKU.TO,"{'raw': 15.745198, 'fmt': '15.75'}","{'raw': 20244137.0, 'fmt': '20.244M', 'longFmt': '20,244,137'}","{'raw': 0.0, 'fmt': '0.00'}","{'raw': 1.8064024, 'fmt': '1.81%'}",,"{'raw': 47.736134, 'fmt': '47.74%'}","{'raw': 20.8076, 'fmt': '20.81'}","{'raw': 12.8578, 'fmt': '12.86'}",,,,,TOR,ca,"{'raw': 19.033995, 'fmt': '19.03'}","{'raw': 23.0638, 'fmt': '23.06'}"
0.0,0P0001CN00.TO,"{'raw': 0.45899963, 'fmt': '0.46'}","{'raw': 0.0, 'fmt': '0.00'}","{'raw': 27.60504, 'fmt': '27.61%'}",BMG Silver BullionFund,"{'raw': 19.60137, 'fmt': '19.60'}","{'raw': 20244137.0, 'fmt': '20.244M', 'longFmt': '20,244,137'}","{'raw': 0.0, 'fmt': '0.00'}","{'raw': 1.8056492, 'fmt': '1.81%'}","{'raw': 28.39584, 'fmt': '28.40%'}","{'raw': 47.718227, 'fmt': '47.72%'}","{'raw': 25.8792, 'fmt': '25.88'}","{'raw': 15.9934, 'fmt': '15.99'}","{'raw': 58.32311, 'fmt': '58.32%'}","{'raw': 7.49957, 'fmt': '7.50%'}","{'raw': 38.76459, 'fmt': '38.76%'}",0.0,TOR,ca,"{'raw': 23.673729, 'fmt': '23.67'}","{'raw': 28.6857, 'fmt': '28.69'}"
0.0,0P00018TKT.TO,"{'raw': 0.3348999, 'fmt': '0.33'}","{'raw': 0.0, 'fmt': '0.00'}","{'raw': 27.27217, 'fmt': '27.27%'}",BMG Silver BullionFund Class A,"{'raw': 14.376608, 'fmt': '14.38'}","{'raw': 20244137.0, 'fmt': '20.244M', 'longFmt': '20,244,137'}","{'raw': 0.0, 'fmt': '0.00'}","{'raw': 1.8030478, 'fmt': '1.80%'}","{'raw': 27.07445, 'fmt': '27.07%'}","{'raw': 46.219814, 'fmt': '46.22%'}","{'raw': 18.909, 'fmt': '18.91'}","{'raw': 11.7909, 'fmt': '11.79'}","{'raw': 56.96467, 'fmt': '56.96%'}","{'raw': 6.5146, 'fmt': '6.51%'}","{'raw': 37.75754, 'fmt': '37.76%'}",0.0,TOR,ca,"{'raw': 17.313658, 'fmt': '17.31'}","{'raw': 20.9681, 'fmt': '20.97'}"
4.0,0P00013W9M.TO,"{'raw': 0.8378029, 'fmt': '0.84'}","{'raw': 0.0, 'fmt': '0.00'}","{'raw': 12.81247, 'fmt': '12.81%'}",AGF US Small-Mid Cap Series Q,"{'raw': 40.580738, 'fmt': '40.58'}","{'raw': 459604134.0, 'fmt': '459.604M', 'longFmt': '459,604,134'}","{'raw': 0.0, 'fmt': '0.00'}","{'raw': 1.7972472, 'fmt': '1.80%'}","{'raw': 41.01272, 'fmt': '41.01%'}","{'raw': 16.11371, 'fmt': '16.11%'}","{'raw': 47.4537, 'fmt': '47.45'}","{'raw': 31.276, 'fmt': '31.28'}","{'raw': 12.13619, 'fmt': '12.14%'}","{'raw': -16.52477, 'fmt': '-16.52%'}","{'raw': 41.91902, 'fmt': '41.92%'}",4.0,TOR,ca,"{'raw': 44.922386, 'fmt': '44.92'}","{'raw': 47.4537, 'fmt': '47.45'}"
,0P0001DCJ8.TO,"{'raw': 0.43330002, 'fmt': '0.43'}","{'raw': 0.0, 'fmt': '0.00'}",,0P0001DCJ8.TO,"{'raw': 21.006262, 'fmt': '21.01'}","{'raw': 459604134.0, 'fmt': '459.604M', 'longFmt': '459,604,134'}","{'raw': 0.0, 'fmt': '0.00'}","{'raw': 1.7971722, 'fmt': '1.80%'}",,"{'raw': 16.083408, 'fmt': '16.08%'}","{'raw': 24.5434, 'fmt': '24.54'}","{'raw': 16.1761, 'fmt': '16.18'}",,,,,TOR,ca,"{'raw': 23.234173, 'fmt': '23.23'}","{'raw': 24.5434, 'fmt': '24.54'}"
,0P000075L7.TO,"{'raw': 2.3940125, 'fmt': '2.39'}","{'raw': 0.0, 'fmt': '0.00'}",,0P000075L7.TO,"{'raw': 116.57382, 'fmt': '116.57'}","{'raw': 459604134.0, 'fmt': '459.604M', 'longFmt': '459,604,134'}","{'raw': 0.0, 'fmt': '0.00'}","{'raw': 1.7962953, 'fmt': '1.80%'}",,"{'raw': 14.98065, 'fmt': '14.98%'}","{'raw': 135.669, 'fmt': '135.67'}","{'raw': 89.6979, 'fmt': '89.70'}",,,,,TOR,ca,"{'raw': 128.52493, 'fmt': '128.52'}","{'raw': 135.669, 'fmt': '135.67'}"
3.0,0P000072KR.TO,"{'raw': 1.7766037, 'fmt': '1.78'}","{'raw': 0.0, 'fmt': '0.00'}","{'raw': 12.32498, 'fmt': '12.32%'}",AGF US Small-Mid Cap,"{'raw': 86.719925, 'fmt': '86.72'}","{'raw': 459604134.0, 'fmt': '459.604M', 'longFmt': '459,604,134'}","{'raw': 0.0, 'fmt': '0.00'}","{'raw': 1.795594, 'fmt': '1.80%'}","{'raw': 37.8729, 'fmt': '37.87%'}","{'raw': 13.554525, 'fmt': '13.55%'}","{'raw': 100.719, 'fmt': '100.72'}","{'raw': 66.8296, 'fmt': '66.83'}","{'raw': 10.1024, 'fmt': '10.10%'}","{'raw': -18.63518, 'fmt': '-18.64%'}","{'raw': 38.43613, 'fmt': '38.44%'}",4.0,TOR,ca,"{'raw': 95.50887, 'fmt': '95.51'}","{'raw': 100.719, 'fmt': '100.72'}"
,0P0001QZ1X.TO,"{'raw': 0.48490143, 'fmt': '0.48'}","{'raw': 0.0, 'fmt': '0.00'}",,IG Mackenzie Global Consumer ComsF,"{'raw': 27.10297, 'fmt': '27.10'}","{'raw': 171810060.0, 'fmt': '171.81M', 'longFmt': '171,810,060'}","{'raw': 0.0, 'fmt': '0.00'}","{'raw': 1.730141, 'fmt': '1.73%'}",,"{'raw': 15.394676, 'fmt': '15.39%'}","{'raw': 28.5116, 'fmt': '28.51'}","{'raw': 23.6856, 'fmt': '23.69'}",,,,,TOR,ca,"{'raw': 28.151808, 'fmt': '28.15'}","{'raw': 28.7023, 'fmt': '28.70'}"
,0P0001QZ1W.TO,"{'raw': 0.56980133, 'fmt': '0.57'}","{'raw': 0.0, 'fmt': '0.00'}",,IG Mackenzie Global Consumer ComsJNL,"{'raw': 32.07154, 'fmt': '32.07'}","{'raw': 171810060.0, 'fmt': '171.81M', 'longFmt': '171,810,060'}","{'raw': 0.0, 'fmt': '0.00'}","{'raw': 1.7265452, 'fmt': '1.73%'}",,"{'raw': 14.036775, 'fmt': '14.04%'}","{'raw': 33.5722, 'fmt': '33.57'}","{'raw': 28.0908, 'fmt': '28.09'}",,,,,TOR,ca,"{'raw': 33.18949, 'fmt': '33.19'}","{'raw': 33.8015, 'fmt': '33.80'}"
,0P0001QZ1U.TO,"{'raw': 0.7206001, 'fmt': '0.72'}","{'raw': 0.0, 'fmt': '0.00'}",,IG Mackenzie Global Consumer ComsB,"{'raw': 40.617382, 'fmt': '40.62'}","{'raw': 171810060.0, 'fmt': '171.81M', 'longFmt': '171,810,060'}","{'raw': 0.0, 'fmt': '0.00'}","{'raw': 1.7258478, 'fmt': '1.73%'}",,"{'raw': 13.733494, 'fmt': '13.73%'}","{'raw': 42.474, 'fmt': '42.47'}","{'raw': 35.5925, 'fmt': '35.59'}",,,,,TOR,ca,"{'raw': 41.99968, 'fmt': '42.00'}","{'raw': 42.7653, 'fmt': '42.77'}"
0.0,0P0001HCI5.TO,"{'raw': 0.76719666, 'fmt': '0.77'}","{'raw': 0.4, 'fmt': '0.40'}","{'raw': 16.05783, 'fmt': '16.06%'}",Evolve Cyber Security Index Class F,"{'raw': 41.092373, 'fmt': '41.09'}","{'raw': 0.0, 'fmt': '0', 'longFmt': '0'}","{'raw': 0.0, 'fmt': '0.00'}","{'raw': 1.7224929, 'fmt': '1.72%'}","{'raw': 43.30754, 'fmt': '43.31%'}","{'raw': 22.05708, 'fmt': '22.06%'}","{'raw': 45.3071, 'fmt': '45.31'}","{'raw': 33.8919, 'fmt': '33.89'}","{'raw': 26.52179, 'fmt': '26.52%'}","{'raw': 5.70573, 'fmt': '5.71%'}","{'raw': 24.67631, 'fmt': '24.68%'}",0.0,TOR,ca,"{'raw': 43.556976, 'fmt': '43.56'}","{'raw': 46.1658, 'fmt': '46.17'}"
,0P0001E2I4.TO,"{'raw': 0.37389946, 'fmt': '0.37'}","{'raw': 0.0, 'fmt': '0.00'}",,Dynamic Power American Growth Series FN,"{'raw': 18.430681, 'fmt': '18.43'}","{'raw': 1992952000.0, 'fmt': '1.993B', 'longFmt': '1,992,952,000'}","{'raw': 0.0, 'fmt': '0.00'}","{'raw': 1.7214127, 'fmt': '1.72%'}",,"{'raw': 37.984787, 'fmt': '37.98%'}","{'raw': 22.0944, 'fmt': '22.09'}","{'raw': 12.6536, 'fmt': '12.65'}",,,,,TOR,ca,"{'raw': 21.033186, 'fmt': '21.03'}","{'raw': 22.0944, 'fmt': '22.09'}"
0.0,0P0001FC4E.TO,"{'raw': 0.26000023, 'fmt': '0.26'}","{'raw': 0.0, 'fmt': '0.00'}","{'raw': 0.5589, 'fmt': '0.56%'}",CI International Equity Alpha Priv Pl I,"{'raw': 14.518548, 'fmt': '14.52'}","{'raw': 54677128.0, 'fmt': '54.677M', 'longFmt': '54,677,128'}","{'raw': 0.0, 'fmt': '0.00'}","{'raw': 1.7203178, 'fmt': '1.72%'}","{'raw': 11.56609, 'fmt': '11.57%'}","{'raw': 5.406964, 'fmt': '5.41%'}","{'raw': 15.3735, 'fmt': '15.37'}","{'raw': 12.349, 'fmt': '12.35'}","{'raw': 9.58005, 'fmt': '9.58%'}","{'raw': -5.24474, 'fmt': '-5.24%'}","{'raw': 8.89536, 'fmt': '8.90%'}",0.0,TOR,ca,"{'raw': 15.034822, 'fmt': '15.03'}","{'raw': 15.3735, 'fmt': '15.37'}"
1.0,0P0001E2I3.TO,"{'raw': 0.29930115, 'fmt': '0.30'}","{'raw': 0.0, 'fmt': '0.00'}","{'raw': 9.49526, 'fmt': '9.50%'}",Dynamic Power American Growth Series N,"{'raw': 14.820139, 'fmt': '14.82'}","{'raw': 1992952000.0, 'fmt': '1.993B', 'longFmt': '1,992,952,000'}","{'raw': 0.0, 'fmt': '0.00'}","{'raw': 1.7202996, 'fmt': '1.72%'}","{'raw': 31.65254, 'fmt': '31.65%'}","{'raw': 36.37905, 'fmt': '36.38%'}","{'raw': 17.6975, 'fmt': '17.70'}","{'raw': 10.2056, 'fmt': '10.21'}","{'raw': 22.77227, 'fmt': '22.77%'}","{'raw': -50.99513, 'fmt': '-51.00%'}","{'raw': 62.41556, 'fmt': '62.42%'}",5.0,TOR,ca,"{'raw': 16.865007, 'fmt': '16.87'}","{'raw': 17.6975, 'fmt': '17.70'}"
,0P0001FC4D.TO,"{'raw': 0.26039982, 'fmt': '0.26'}","{'raw': 0.0, 'fmt': '0.00'}",,CI International Equity Alpha Priv Pl F,"{'raw': 14.611201, 'fmt': '14.61'}","{'raw': 54677128.0, 'fmt': '54.677M', 'longFmt': '54,677,128'}","{'raw': 0.0, 'fmt': '0.00'}","{'raw': 1.7177563, 'fmt': '1.72%'}",,"{'raw': 5.516815, 'fmt': '5.52%'}","{'raw': 15.4197, 'fmt': '15.42'}","{'raw': 12.4534, 'fmt': '12.45'}",,,,,TOR,ca,"{'raw': 15.093766, 'fmt': '15.09'}","{'raw': 15.4197, 'fmt': '15.42'}"
,0P0001HCI4.TO,"{'raw': 0.7038994, 'fmt': '0.70'}","{'raw': 0.4, 'fmt': '0.40'}",,Evolve Cyber Security Index Class A,"{'raw': 37.877853, 'fmt': '37.88'}","{'raw': 0.0, 'fmt': '0', 'longFmt': '0'}","{'raw': 0.0, 'fmt': '0.00'}","{'raw': 1.7175148, 'fmt': '1.72%'}",,"{'raw': 20.658815, 'fmt': '20.66%'}","{'raw': 41.6875, 'fmt': '41.69'}","{'raw': 31.3891, 'fmt': '31.39'}",,,,,TOR,ca,"{'raw': 40.12086, 'fmt': '40.12'}","{'raw': 42.5076, 'fmt': '42.51'}"
3.0,0P000076LX.TO,"{'raw': 1.2823029, 'fmt': '1.28'}","{'raw': 0.0, 'fmt': '0.00'}","{'raw': 5.79502, 'fmt': '5.80%'}",Leith Wheeler Canadian Equity Series A,"{'raw': 70.8219, 'fmt': '70.82'}","{'raw': 5329598253.0, 'fmt': '5.33B', 'longFmt': '5,329,598,253'}","{'raw': 0.0, 'fmt': '0.00'}","{'raw': 1.7159282, 'fmt': '1.72%'}","{'raw': 15.99865, 'fmt': '16.00%'}","{'raw': 10.987532, 'fmt': '10.99%'}","{'raw': 76.0117, 'fmt': '76.01'}","{'raw': 61.634, 'fmt': '61.63'}","{'raw': 14.19482, 'fmt': '14.19%'}","{'raw': -1.18545, 'fmt': '-1.19%'}","{'raw': 7.03405, 'fmt': '7.03%'}",4.0,TOR,ca,"{'raw': 74.92015, 'fmt': '74.92'}","{'raw': 76.1952, 'fmt': '76.20'}"
,0P0001SR8T.TO,"{'raw': 1.4393997, 'fmt': '1.44'}","{'raw': 0.0, 'fmt': '0.00'}",,0P0001SR8T.TO,"{'raw': 79.69886, 'fmt': '79.70'}","{'raw': 5329598253.0, 'fmt': '5.33B', 'longFmt': '5,329,598,253'}","{'raw': 0.0, 'fmt': '0.00'}","{'raw': 1.714557, 'fmt': '1.71%'}",,"{'raw': 8.035982, 'fmt': '8.04%'}","{'raw': 85.3911, 'fmt': '85.39'}","{'raw': 69.3417, 'fmt': '69.34'}",,,,,TOR,ca,"{'raw': 84.20725, 'fmt': '84.21'}","{'raw': 85.6313, 'fmt': '85.63'}"
3.0,0P0001FC4C.TO,"{'raw': 0.25879955, 'fmt': '0.26'}","{'raw': 0.0, 'fmt': '0.00'}","{'raw': 0.03645, 'fmt': '0.04%'}",CI International Equity Alpha Priv Pl A,"{'raw': 14.618688, 'fmt': '14.62'}","{'raw': 54677128.0, 'fmt': '54.677M', 'longFmt': '54,677,128'}","{'raw': 0.0, 'fmt': '0.00'}","{'raw': 1.7143244, 'fmt': '1.71%'}","{'raw': 9.2641, 'fmt': '9.26%'}","{'raw': 5.5449367, 'fmt': '5.54%'}","{'raw': 15.3551, 'fmt': '15.36'}","{'raw': 12.4799, 'fmt': '12.48'}","{'raw': 7.70531, 'fmt': '7.71%'}","{'raw': -7.20108, 'fmt': '-7.20%'}","{'raw': 6.64014, 'fmt': '6.64%'}",3.0,TOR,ca,"{'raw': 15.046412, 'fmt': '15.05'}","{'raw': 15.3551, 'fmt': '15.36'}"
4.0,0P0000709T.TO,"{'raw': 1.4758987, 'fmt': '1.48'}","{'raw': 0.0, 'fmt': '0.00'}","{'raw': 5.49587, 'fmt': '5.50%'}",Leith Wheeler d'actions canadiennes B,"{'raw': 81.841194, 'fmt': '81.84'}","{'raw': 5329598253.0, 'fmt': '5.33B', 'longFmt': '5,329,598,253'}","{'raw': 0.0, 'fmt': '0.00'}","{'raw': 1.712859, 'fmt': '1.71%'}","{'raw': 11.57005, 'fmt': '11.57%'}","{'raw': 12.031519, 'fmt': '12.03%'}","{'raw': 87.6417, 'fmt': '87.64'}","{'raw': 71.2859, 'fmt': '71.29'}","{'raw': 13.13072, 'fmt': '13.13%'}","{'raw': 27.59688, 'fmt': '27.60%'}","{'raw': 19.05939, 'fmt': '19.06%'}",4.0,TOR,ca,"{'raw': 86.45106, 'fmt': '86.45'}","{'raw': 87.9292, 'fmt': '87.93'}"
,0P0001PUF3.TO,"{'raw': 0.23900032, 'fmt': '0.24'}","{'raw': 0.0, 'fmt': '0.00'}",,Langdon Canadian Smaller Companies F,"{'raw': 13.048115, 'fmt': '13.05'}","{'raw': 35058637.0, 'fmt': '35.059M', 'longFmt': '35,058,637'}","{'raw': 0.0, 'fmt': '0.00'}","{'raw': 1.7071451, 'fmt': '1.71%'}",,"{'raw': 5.756092, 'fmt': '5.76%'}","{'raw': 14.239, 'fmt': '14.24'}","{'raw': 10.764, 'fmt': '10.76'}",,,,,TOR,ca,"{'raw': 14.17958, 'fmt': '14.18'}","{'raw': 14.479, 'fmt': '14.48'}"
,0P0001PUF2.TO,"{'raw': 0.23099995, 'fmt': '0.23'}","{'raw': 0.0, 'fmt': '0.00'}",,Langdon Canadian Smaller Companies A,"{'raw': 12.6936, 'fmt': '12.69'}","{'raw': 35058637.0, 'fmt': '35.059M', 'longFmt': '35,058,637'}","{'raw': 0.0, 'fmt': '0.00'}","{'raw': 1.702786, 'fmt': '1.70%'}",,"{'raw': 4.8244953, 'fmt': '4.82%'}","{'raw': 13.797, 'fmt': '13.80'}","{'raw': 10.496, 'fmt': '10.50'}",,,,,TOR,ca,"{'raw': 13.75378, 'fmt': '13.75'}","{'raw': 14.043, 'fmt': '14.04'}"
2.0,0P0000GD75.TO,"{'raw': 0.01669997, 'fmt': '0.02'}","{'raw': 0.0, 'fmt': '0.00'}","{'raw': 45.23844, 'fmt': '45.24%'}",Marquest Mutual Funds Inc. - Explorer Series Fund,"{'raw': 0.6932515, 'fmt': '0.69'}","{'raw': 9379956.0, 'fmt': '9.38M', 'longFmt': '9,379,956'}","{'raw': 0.0, 'fmt': '0.00'}","{'raw': 1.6949122, 'fmt': '1.69%'}","{'raw': 29.08577, 'fmt': '29.09%'}","{'raw': 70.52417, 'fmt': '70.52%'}","{'raw': 1.002, 'fmt': '1.00'}","{'raw': 0.5026, 'fmt': '0.50'}","{'raw': 97.78918, 'fmt': '97.79%'}","{'raw': -38.5682, 'fmt': '-38.57%'}","{'raw': 116.9563, 'fmt': '116.96%'}",5.0,TOR,ca,"{'raw': 0.914942, 'fmt': '0.91'}","{'raw': 1.1324, 'fmt': '1.13'}"
2.0,0P0000GBRV.TO,"{'raw': 0.017499924, 'fmt': '0.02'}","{'raw': 0.0, 'fmt': '0.00'}","{'raw': 45.38842, 'fmt': '45.39%'}",Marquest Mutual Funds Inc. - Explorer Series Fund,"{'raw': 0.7310605, 'fmt': '0.73'}","{'raw': 9379956.0, 'fmt': '9.38M', 'longFmt': '9,379,956'}","{'raw': 0.0, 'fmt': '0.00'}","{'raw': 1.6797776, 'fmt': '1.68%'}","{'raw': 24.32602, 'fmt': '24.33%'}","{'raw': 70.909966, 'fmt': '70.91%'}","{'raw': 1.0593, 'fmt': '1.06'}","{'raw': 0.5304, 'fmt': '0.53'}","{'raw': 98.14815, 'fmt': '98.15%'}","{'raw': -39.40716, 'fmt': '-39.41%'}","{'raw': 122.5355, 'fmt': '122.54%'}",4.0,TOR,ca,"{'raw': 0.966438, 'fmt': '0.97'}","{'raw': 1.196, 'fmt': '1.20'}"
5.0,0P0001L2II.TO,"{'raw': 0.21750069, 'fmt': '0.22'}","{'raw': 0.0, 'fmt': '0.00'}","{'raw': -4.22546, 'fmt': '-4.23%'}",Beneva US Eq Small-Mid Cap,"{'raw': 11.380483, 'fmt': '11.38'}","{'raw': 69716731.0, 'fmt': '69.717M', 'longFmt': '69,716,731'}","{'raw': 0.0, 'fmt': '0.00'}","{'raw': 1.6786476, 'fmt': '1.68%'}","{'raw': 41.91921, 'fmt': '41.92%'}","{'raw': 13.554788, 'fmt': '13.55%'}","{'raw': 13.1744, 'fmt': '13.17'}","{'raw': 8.7415, 'fmt': '8.74'}","{'raw': 0.50833, 'fmt': '0.51%'}","{'raw': 7.59523, 'fmt': '7.60%'}","{'raw': -0.55322, 'fmt': '-0.55%'}",3.0,TOR,ca,"{'raw': 12.492886, 'fmt': '12.49'}","{'raw': 13.1744, 'fmt': '13.17'}"
,0P0001QUZP.TO,"{'raw': 0.22259998, 'fmt': '0.22'}",,,Middlefield ActivEnergy Dividend F,"{'raw': 11.99092, 'fmt': '11.99'}",,,"{'raw': 1.6632419, 'fmt': '1.66%'}",,"{'raw': 19.417751, 'fmt': '19.42%'}","{'raw': 13.6061, 'fmt': '13.61'}","{'raw': 9.432, 'fmt': '9.43'}",,,,,TOR,ca,"{'raw': 13.212204, 'fmt': '13.21'}","{'raw': 13.6998, 'fmt': '13.70'}"
,0P0000SNHE.TO,"{'raw': 0.5060997, 'fmt': '0.51'}","{'raw': 0.0, 'fmt': '0.00'}","{'raw': 12.3704, 'fmt': '12.37%'}",Scotia Wealth Cdn Growth Pool Pin,"{'raw': 30.377115, 'fmt': '30.38'}","{'raw': 106253196.0, 'fmt': '106.253M', 'longFmt': '106,253,196'}","{'raw': 0.0, 'fmt': '0.00'}","{'raw': 1.653672, 'fmt': '1.65%'}",,"{'raw': 2.0698905, 'fmt': '2.07%'}","{'raw': 31.1107, 'fmt': '31.11'}","{'raw': 26.5457, 'fmt': '26.55'}","{'raw': 4.04974, 'fmt': '4.05%'}",,,,TOR,ca,"{'raw': 31.269657, 'fmt': '31.27'}","{'raw': 31.9977, 'fmt': '32.00'}"
,0P0000NFTO.TO,"{'raw': 0.50320053, 'fmt': '0.50'}","{'raw': 0.0, 'fmt': '0.00'}",,Scotia Wealth Cdn Growth Pool F,"{'raw': 30.381649, 'fmt': '30.38'}","{'raw': 106253196.0, 'fmt': '106.253M', 'longFmt': '106,253,196'}","{'raw': 0.0, 'fmt': '0.00'}","{'raw': 1.6506821, 'fmt': '1.65%'}",,"{'raw': 2.2801042, 'fmt': '2.28%'}","{'raw': 30.9876, 'fmt': '30.99'}","{'raw': 26.598, 'fmt': '26.60'}",,,,,TOR,ca,"{'raw': 31.17719, 'fmt': '31.18'}","{'raw': 31.9097, 'fmt': '31.91'}"
,0P0001K9TO.TO,"{'raw': 0.24109936, 'fmt': '0.24'}","{'raw': 0.0, 'fmt': '0.00'}",,CIBC U.S. Small Companies F,"{'raw': 15.266756, 'fmt': '15.27'}","{'raw': 53173767.0, 'fmt': '53.174M', 'longFmt': '53,173,767'}","{'raw': 0.0, 'fmt': '0.00'}","{'raw': 1.6263355, 'fmt': '1.63%'}",,"{'raw': -3.7820935, 'fmt': '-3.78%'}","{'raw': 15.0658, 'fmt': '15.07'}","{'raw': 13.5211, 'fmt': '13.52'}",,,,,TOR,ca,"{'raw': 15.265988, 'fmt': '15.27'}","{'raw': 16.7007, 'fmt': '16.70'}"
3.0,0P000071OB.TO,"{'raw': 0.58110046, 'fmt': '0.58'}","{'raw': 0.0, 'fmt': '0.00'}","{'raw': -3.98001, 'fmt': '-3.98%'}",CIBC US Small Companies,"{'raw': 37.008347, 'fmt': '37.01'}","{'raw': 53173767.0, 'fmt': '53.174M', 'longFmt': '53,173,767'}","{'raw': 0.0, 'fmt': '0.00'}","{'raw': 1.6233943, 'fmt': '1.62%'}","{'raw': 16.03818, 'fmt': '16.04%'}","{'raw': -4.8709335, 'fmt': '-4.87%'}","{'raw': 36.3765, 'fmt': '36.38'}","{'raw': 32.8602, 'fmt': '32.86'}","{'raw': -5.406, 'fmt': '-5.41%'}","{'raw': -20.94502, 'fmt': '-20.95%'}","{'raw': 32.67626, 'fmt': '32.68%'}",3.0,TOR,ca,"{'raw': 36.900578, 'fmt': '36.90'}","{'raw': 40.76, 'fmt': '40.76'}"
,0P0001PCVK.TO,"{'raw': 0.6883011, 'fmt': '0.69'}",,,AGF North American Small-Mid Cap P,"{'raw': 37.876377, 'fmt': '37.88'}",,,"{'raw': 1.5979799, 'fmt': '1.60%'}",,"{'raw': 15.359772, 'fmt': '15.36%'}","{'raw': 43.7615, 'fmt': '43.76'}","{'raw': 29.5973, 'fmt': '29.60'}",,,,,TOR,ca,"{'raw': 41.668484, 'fmt': '41.67'}","{'raw': 43.7615, 'fmt': '43.76'}"
0.0,0P0001AADK.TO,"{'raw': 0.589901, 'fmt': '0.59'}","{'raw': 0.0, 'fmt': '0.00'}","{'raw': 15.89524, 'fmt': '15.90%'}",CI Can Sm/Mid Cap Eq Fd (Ser I U),"{'raw': 32.273884, 'fmt': '32.27'}","{'raw': 88978744.0, 'fmt': '88.979M', 'longFmt': '88,978,744'}","{'raw': 0.0, 'fmt': '0.00'}","{'raw': 1.5724571, 'fmt': '1.57%'}","{'raw': 25.40191, 'fmt': '25.40%'}","{'raw': 24.155294, 'fmt': '24.16%'}","{'raw': 38.1045, 'fmt': '38.10'}","{'raw': 25.9698, 'fmt': '25.97'}","{'raw': 26.05822, 'fmt': '26.06%'}","{'raw': -20.6145, 'fmt': '-20.61%'}","{'raw': 19.36681, 'fmt': '19.37%'}",0.0,TOR,ca,"{'raw': 36.86723, 'fmt': '36.87'}","{'raw': 38.8211, 'fmt': '38.82'}"
0.0,0P00011MXB.TO,"{'raw': 0.34490013, 'fmt': '0.34'}","{'raw': 0.0, 'fmt': '0.00'}","{'raw': 15.83395, 'fmt': '15.83%'}",CI Can Sm/Mid Cap Eq Fd (Ser O U),"{'raw': 18.89211, 'fmt': '18.89'}","{'raw': 88978744.0, 'fmt': '88.979M', 'longFmt': '88,978,744'}","{'raw': 0.0, 'fmt': '0.00'}","{'raw': 1.571879, 'fmt': '1.57%'}","{'raw': 25.2319, 'fmt': '25.23%'}","{'raw': 24.116886, 'fmt': '24.12%'}","{'raw': 22.2868, 'fmt': '22.29'}","{'raw': 15.209, 'fmt': '15.21'}","{'raw': 25.8345, 'fmt': '25.83%'}","{'raw': -20.74312, 'fmt': '-20.74%'}","{'raw': 19.00651, 'fmt': '19.01%'}",0.0,TOR,ca,"{'raw': 21.566462, 'fmt': '21.57'}","{'raw': 22.7064, 'fmt': '22.71'}"
2.0,0P0001FJJY.TO,"{'raw': 0.25489998, 'fmt': '0.25'}","{'raw': 0.0, 'fmt': '0.00'}","{'raw': 15.817, 'fmt': '15.82%'}",CI Can Sm/Mid Cap Eq Fd (Ser P U),"{'raw': 13.972612, 'fmt': '13.97'}","{'raw': 88978744.0, 'fmt': '88.979M', 'longFmt': '88,978,744'}","{'raw': 0.0, 'fmt': '0.00'}","{'raw': 1.5714874, 'fmt': '1.57%'}","{'raw': 0.56072, 'fmt': '0.56%'}","{'raw': 24.108839, 'fmt': '24.11%'}","{'raw': 16.4752, 'fmt': '16.48'}","{'raw': 11.2467, 'fmt': '11.25'}","{'raw': 25.77353, 'fmt': '25.77%'}","{'raw': 21.84082, 'fmt': '21.84%'}","{'raw': 17.33657, 'fmt': '17.34%'}",4.0,TOR,ca,"{'raw': 15.94358, 'fmt': '15.94'}","{'raw': 16.786, 'fmt': '16.79'}"
0.0,0P0001AC54.TO,"{'raw': 0.30140114, 'fmt': '0.30'}","{'raw': 0.0, 'fmt': '0.00'}","{'raw': 13.91104, 'fmt': '13.91%'}",CI Can Sm/Mid Cap Eq Corp Cl(SerIShrs),"{'raw': 16.52299, 'fmt': '16.52'}","{'raw': 8825578.0, 'fmt': '8.826M', 'longFmt': '8,825,578'}","{'raw': 0.0, 'fmt': '0.00'}","{'raw': 1.5710987, 'fmt': '1.57%'}","{'raw': 25.32793, 'fmt': '25.33%'}","{'raw': 27.570498, 'fmt': '27.57%'}","{'raw': 19.4855, 'fmt': '19.49'}","{'raw': 13.3053, 'fmt': '13.31'}","{'raw': 23.56112, 'fmt': '23.56%'}","{'raw': -20.45381, 'fmt': '-20.45%'}","{'raw': 18.91254, 'fmt': '18.91%'}",0.0,TOR,ca,"{'raw': 18.857094, 'fmt': '18.86'}","{'raw': 19.8532, 'fmt': '19.85'}"
0.0,0P0001AC6T.TO,"{'raw': 0.13479996, 'fmt': '0.13'}","{'raw': 0.0, 'fmt': '0.00'}","{'raw': 13.89957, 'fmt': '13.90%'}",CI Can Sm/Mid Cap Eq Corp Cl(SerIT8Shrs),"{'raw': 7.6160874, 'fmt': '7.62'}","{'raw': 8825578.0, 'fmt': '8.826M', 'longFmt': '8,825,578'}","{'raw': 0.0, 'fmt': '0.00'}","{'raw': 1.5707655, 'fmt': '1.57%'}","{'raw': 25.33434, 'fmt': '25.33%'}","{'raw': 18.220043, 'fmt': '18.22%'}","{'raw': 8.7166, 'fmt': '8.72'}","{'raw': 6.2229, 'fmt': '6.22'}","{'raw': 23.54714, 'fmt': '23.55%'}","{'raw': -20.44945, 'fmt': '-20.45%'}","{'raw': 18.90171, 'fmt': '18.90%'}",0.0,TOR,ca,"{'raw': 8.500902, 'fmt': '8.50'}","{'raw': 8.9312, 'fmt': '8.93'}"
0.0,0P0001AC6U.TO,"{'raw': 0.1324997, 'fmt': '0.13'}","{'raw': 0.0, 'fmt': '0.00'}","{'raw': 13.86335, 'fmt': '13.86%'}",CI Can Sm/Mid Cap Eq Corp Cl(SerOT8Shrs),"{'raw': 7.4925776, 'fmt': '7.49'}","{'raw': 8825578.0, 'fmt': '8.826M', 'longFmt': '8,825,578'}","{'raw': 0.0, 'fmt': '0.00'}","{'raw': 1.5703108, 'fmt': '1.57%'}","{'raw': 25.11699, 'fmt': '25.12%'}","{'raw': 18.025446, 'fmt': '18.03%'}","{'raw': 8.5703, 'fmt': '8.57'}","{'raw': 6.1238, 'fmt': '6.12'}","{'raw': 23.38785, 'fmt': '23.39%'}","{'raw': -20.59761, 'fmt': '-20.60%'}","{'raw': 18.70994, 'fmt': '18.71%'}",0.0,TOR,ca,"{'raw': 8.3592, 'fmt': '8.36'}","{'raw': 8.7821, 'fmt': '8.78'}"
0.0,0P0001AC6S.TO,"{'raw': 0.18120003, 'fmt': '0.18'}","{'raw': 0.0, 'fmt': '0.00'}","{'raw': 13.83218, 'fmt': '13.83%'}",CI Can Sm/Mid Cap Eq Corp Cl(SerOT5Shrs),"{'raw': 10.131799, 'fmt': '10.13'}","{'raw': 8825578.0, 'fmt': '8.826M', 'longFmt': '8,825,578'}","{'raw': 0.0, 'fmt': '0.00'}","{'raw': 1.5702181, 'fmt': '1.57%'}","{'raw': 25.14951, 'fmt': '25.15%'}","{'raw': 21.501434, 'fmt': '21.50%'}","{'raw': 11.721, 'fmt': '11.72'}","{'raw': 8.2356, 'fmt': '8.24'}","{'raw': 23.3566, 'fmt': '23.36%'}","{'raw': -20.62361, 'fmt': '-20.62%'}","{'raw': 18.70307, 'fmt': '18.70%'}",0.0,TOR,ca,"{'raw': 11.399256, 'fmt': '11.40'}","{'raw': 11.985, 'fmt': '11.98'}"
2.0,0P0001FKB1.TO,"{'raw': 0.12249994, 'fmt': '0.12'}","{'raw': 0.0, 'fmt': '0.00'}","{'raw': 13.82767, 'fmt': '13.83%'}",CI Can Sm/Mid Cap Eq Corp Cl(SerPT8Shrs),"{'raw': 6.933674, 'fmt': '6.93'}","{'raw': 8825578.0, 'fmt': '8.826M', 'longFmt': '8,825,578'}","{'raw': 0.0, 'fmt': '0.00'}","{'raw': 1.57019, 'fmt': '1.57%'}","{'raw': 0.58322, 'fmt': '0.58%'}","{'raw': 17.870796, 'fmt': '17.87%'}","{'raw': 7.9241, 'fmt': '7.92'}","{'raw': 5.6664, 'fmt': '5.67'}","{'raw': 23.25367, 'fmt': '23.25%'}","{'raw': 21.72527, 'fmt': '21.73%'}","{'raw': 17.09933, 'fmt': '17.10%'}",4.0,TOR,ca,"{'raw': 7.729918, 'fmt': '7.73'}","{'raw': 8.1206, 'fmt': '8.12'}"
2.0,0P0001FKAZ.TO,"{'raw': 0.24960041, 'fmt': '0.25'}","{'raw': 0.0, 'fmt': '0.00'}","{'raw': 13.84538, 'fmt': '13.85%'}",CI Can Sm/Mid Cap Eq Corp Cl(SerPShrs),"{'raw': 13.707223, 'fmt': '13.71'}","{'raw': 8825578.0, 'fmt': '8.826M', 'longFmt': '8,825,578'}","{'raw': 0.0, 'fmt': '0.00'}","{'raw': 1.5701299, 'fmt': '1.57%'}","{'raw': 0.60705, 'fmt': '0.61%'}","{'raw': 27.283335, 'fmt': '27.28%'}","{'raw': 16.1464, 'fmt': '16.15'}","{'raw': 11.0395, 'fmt': '11.04'}","{'raw': 23.32661, 'fmt': '23.33%'}","{'raw': 21.70913, 'fmt': '21.71%'}","{'raw': 17.10805, 'fmt': '17.11%'}",4.0,TOR,ca,"{'raw': 15.629002, 'fmt': '15.63'}","{'raw': 16.4535, 'fmt': '16.45'}"
2.0,0P0001FKB0.TO,"{'raw': 0.16100025, 'fmt': '0.16'}","{'raw': 0.0, 'fmt': '0.00'}","{'raw': 13.82914, 'fmt': '13.83%'}",CI Can Sm/Mid Cap Eq Corp Cl(SerPT5Shrs),"{'raw': 9.008596, 'fmt': '9.01'}","{'raw': 8825578.0, 'fmt': '8.826M', 'longFmt': '8,825,578'}","{'raw': 0.0, 'fmt': '0.00'}","{'raw': 1.5699836, 'fmt': '1.57%'}","{'raw': 0.58224, 'fmt': '0.58%'}","{'raw': 21.370554, 'fmt': '21.37%'}","{'raw': 10.4159, 'fmt': '10.42'}","{'raw': 7.3214, 'fmt': '7.32'}","{'raw': 23.26119, 'fmt': '23.26%'}","{'raw': 21.73849, 'fmt': '21.74%'}","{'raw': 17.09465, 'fmt': '17.09%'}",4.0,TOR,ca,"{'raw': 10.130234, 'fmt': '10.13'}","{'raw': 10.6508, 'fmt': '10.65'}"
0.0,0P0001AC55.TO,"{'raw': 0.30009842, 'fmt': '0.30'}","{'raw': 0.0, 'fmt': '0.00'}","{'raw': 13.86314, 'fmt': '13.86%'}",CI Can Sm/Mid Cap Eq Corp Cl(SerOShrs),"{'raw': 16.474352, 'fmt': '16.47'}","{'raw': 8825578.0, 'fmt': '8.826M', 'longFmt': '8,825,578'}","{'raw': 0.0, 'fmt': '0.00'}","{'raw': 1.5698972, 'fmt': '1.57%'}","{'raw': 25.17938, 'fmt': '25.18%'}","{'raw': 27.359974, 'fmt': '27.36%'}","{'raw': 19.4159, 'fmt': '19.42'}","{'raw': 13.2703, 'fmt': '13.27'}","{'raw': 23.38983, 'fmt': '23.39%'}","{'raw': -20.58585, 'fmt': '-20.59%'}","{'raw': 18.7159, 'fmt': '18.72%'}",0.0,TOR,ca,"{'raw': 18.79271, 'fmt': '18.79'}","{'raw': 19.7844, 'fmt': '19.78'}"
,0P0001AADJ.TO,"{'raw': 0.25759888, 'fmt': '0.26'}","{'raw': 0.0, 'fmt': '0.00'}",,CI Can Sm/Mid Cap Eq Fd (Ser EF U),"{'raw': 14.195455, 'fmt': '14.20'}","{'raw': 88978744.0, 'fmt': '88.979M', 'longFmt': '88,978,744'}","{'raw': 0.0, 'fmt': '0.00'}","{'raw': 1.5689071, 'fmt': '1.57%'}",,"{'raw': 24.16222, 'fmt': '24.16%'}","{'raw': 16.6766, 'fmt': '16.68'}","{'raw': 11.4471, 'fmt': '11.45'}",,,,,TOR,ca,"{'raw': 16.15312, 'fmt': '16.15'}","{'raw': 17.0016, 'fmt': '17.00'}"
,0P0000SLJW.TO,"{'raw': 0.5555992, 'fmt': '0.56'}","{'raw': 0.0, 'fmt': '0.00'}",,CI Can Sm/Mid Cap Eq Fd (Ser F U),"{'raw': 30.637194, 'fmt': '30.64'}","{'raw': 88978744.0, 'fmt': '88.979M', 'longFmt': '88,978,744'}","{'raw': 0.0, 'fmt': '0.00'}","{'raw': 1.5685942, 'fmt': '1.57%'}",,"{'raw': 24.15638, 'fmt': '24.16%'}","{'raw': 35.9758, 'fmt': '35.98'}","{'raw': 24.711, 'fmt': '24.71'}",,,,,TOR,ca,"{'raw': 34.850407, 'fmt': '34.85'}","{'raw': 36.6797, 'fmt': '36.68'}"
,0P0001AC53.TO,"{'raw': 0.2671013, 'fmt': '0.27'}","{'raw': 0.0, 'fmt': '0.00'}",,CI Can Sm/Mid Cap Eq Corp Cl(SerFShrs),"{'raw': 14.756767, 'fmt': '14.76'}","{'raw': 8825578.0, 'fmt': '8.826M', 'longFmt': '8,825,578'}","{'raw': 0.0, 'fmt': '0.00'}","{'raw': 1.5672015, 'fmt': '1.57%'}",,"{'raw': 25.895834, 'fmt': '25.90%'}","{'raw': 17.3103, 'fmt': '17.31'}","{'raw': 11.9095, 'fmt': '11.91'}",,,,,TOR,ca,"{'raw': 16.772875, 'fmt': '16.77'}","{'raw': 17.6518, 'fmt': '17.65'}"
,0P0001AC6R.TO,"{'raw': 0.16040039, 'fmt': '0.16'}","{'raw': 0.0, 'fmt': '0.00'}",,CI Can Sm/Mid Cap Eq Corp Cl(SerFT5Shrs),"{'raw': 9.03094, 'fmt': '9.03'}","{'raw': 8825578.0, 'fmt': '8.826M', 'longFmt': '8,825,578'}","{'raw': 0.0, 'fmt': '0.00'}","{'raw': 1.5667161, 'fmt': '1.57%'}",,"{'raw': 20.07252, 'fmt': '20.07%'}","{'raw': 10.3984, 'fmt': '10.40'}","{'raw': 7.3544, 'fmt': '7.35'}",,,,,TOR,ca,"{'raw': 10.123598, 'fmt': '10.12'}","{'raw': 10.6404, 'fmt': '10.64'}"
,0P0001AC6N.TO,"{'raw': 0.16170025, 'fmt': '0.16'}","{'raw': 0.0, 'fmt': '0.00'}",,CI Can Sm/Mid Cap Eq CorpCl(SerEFT5Shrs),"{'raw': 9.10041, 'fmt': '9.10'}","{'raw': 8825578.0, 'fmt': '8.826M', 'longFmt': '8,825,578'}","{'raw': 0.0, 'fmt': '0.00'}","{'raw': 1.5667111, 'fmt': '1.57%'}",,"{'raw': 20.373201, 'fmt': '20.37%'}","{'raw': 10.4827, 'fmt': '10.48'}","{'raw': 7.4074, 'fmt': '7.41'}",,,,,TOR,ca,"{'raw': 10.207542, 'fmt': '10.21'}","{'raw': 10.728, 'fmt': '10.73'}"
,0P0001AC52.TO,"{'raw': 0.270401, 'fmt': '0.27'}","{'raw': 0.0, 'fmt': '0.00'}",,CI Can Sm/Mid Cap Eq Corp Cl(SerEFShrs),"{'raw': 14.943016, 'fmt': '14.94'}","{'raw': 8825578.0, 'fmt': '8.826M', 'longFmt': '8,825,578'}","{'raw': 0.0, 'fmt': '0.00'}","{'raw': 1.5666883, 'fmt': '1.57%'}",,"{'raw': 26.059258, 'fmt': '26.06%'}","{'raw': 17.5298, 'fmt': '17.53'}","{'raw': 12.057, 'fmt': '12.06'}",,,,,TOR,ca,"{'raw': 16.988018, 'fmt': '16.99'}","{'raw': 17.8769, 'fmt': '17.88'}"
2.0,0P00011MXA.TO,"{'raw': 0.3069992, 'fmt': '0.31'}","{'raw': 0.0, 'fmt': '0.00'}","{'raw': 15.20924, 'fmt': '15.21%'}",CI Can Sm/Mid Cap Eq Fd (Ser E U),"{'raw': 17.009119, 'fmt': '17.01'}","{'raw': 88978744.0, 'fmt': '88.979M', 'longFmt': '88,978,744'}","{'raw': 0.0, 'fmt': '0.00'}","{'raw': 1.5665063, 'fmt': '1.57%'}","{'raw': 22.52945, 'fmt': '22.53%'}","{'raw': 24.23898, 'fmt': '24.24%'}","{'raw': 19.9047, 'fmt': '19.90'}","{'raw': 13.7489, 'fmt': '13.75'}","{'raw': 23.66624, 'fmt': '23.67%'}","{'raw': -22.45563, 'fmt': '-22.46%'}","{'raw': 16.44145, 'fmt': '16.44%'}",4.0,TOR,ca,"{'raw': 19.299854, 'fmt': '19.30'}","{'raw': 20.3068, 'fmt': '20.31'}"
,0P0001AC6Q.TO,"{'raw': 0.11680031, 'fmt': '0.12'}","{'raw': 0.0, 'fmt': '0.00'}",,CI Can Sm/Mid Cap Eq Corp Cl(SerFT8Shrs),"{'raw': 6.656992, 'fmt': '6.66'}","{'raw': 8825578.0, 'fmt': '8.826M', 'longFmt': '8,825,578'}","{'raw': 0.0, 'fmt': '0.00'}","{'raw': 1.5663807, 'fmt': '1.57%'}",,"{'raw': 16.619444, 'fmt': '16.62%'}","{'raw': 7.5735, 'fmt': '7.57'}","{'raw': 5.4511, 'fmt': '5.45'}",,,,,TOR,ca,"{'raw': 7.397112, 'fmt': '7.40'}","{'raw': 7.7678, 'fmt': '7.77'}"
,0P0001AC6M.TO,"{'raw': 0.11810017, 'fmt': '0.12'}","{'raw': 0.0, 'fmt': '0.00'}",,CI Can Sm/Mid Cap Eq CorpCl(SerEFT8Shrs),"{'raw': 6.7269354, 'fmt': '6.73'}","{'raw': 8825578.0, 'fmt': '8.826M', 'longFmt': '8,825,578'}","{'raw': 0.0, 'fmt': '0.00'}","{'raw': 1.566336, 'fmt': '1.57%'}",,"{'raw': 16.83755, 'fmt': '16.84%'}","{'raw': 7.658, 'fmt': '7.66'}","{'raw': 5.5061, 'fmt': '5.51'}",,,,,TOR,ca,"{'raw': 7.479398, 'fmt': '7.48'}","{'raw': 7.8543, 'fmt': '7.85'}"
2.0,0P0000SLK6.TO,"{'raw': 0.52209854, 'fmt': '0.52'}","{'raw': 0.0, 'fmt': '0.00'}","{'raw': 15.17612, 'fmt': '15.18%'}",CI Can Sm/Mid Cap Eq Fd (Ser A U),"{'raw': 28.954403, 'fmt': '28.95'}","{'raw': 88978744.0, 'fmt': '88.979M', 'longFmt': '88,978,744'}","{'raw': 0.0, 'fmt': '0.00'}","{'raw': 1.5657053, 'fmt': '1.57%'}","{'raw': 22.40016, 'fmt': '22.40%'}","{'raw': 24.193716, 'fmt': '24.19%'}","{'raw': 33.868, 'fmt': '33.87'}","{'raw': 23.4092, 'fmt': '23.41'}","{'raw': 23.48551, 'fmt': '23.49%'}","{'raw': -22.53463, 'fmt': '-22.53%'}","{'raw': 16.33777, 'fmt': '16.34%'}",4.0,TOR,ca,"{'raw': 32.842377, 'fmt': '32.84'}","{'raw': 34.5548, 'fmt': '34.55'}"
2.0,0P0001AC6P.TO,"{'raw': 0.14449978, 'fmt': '0.14'}","{'raw': 0.0, 'fmt': '0.00'}","{'raw': 13.18492, 'fmt': '13.18%'}",CI Can Sm/Mid Cap Eq Corp Cl(SerET5Shrs),"{'raw': 8.177896, 'fmt': '8.18'}","{'raw': 8825578.0, 'fmt': '8.826M', 'longFmt': '8,825,578'}","{'raw': 0.0, 'fmt': '0.00'}","{'raw': 1.564731, 'fmt': '1.56%'}","{'raw': 22.38082, 'fmt': '22.38%'}","{'raw': 18.883324, 'fmt': '18.88%'}","{'raw': 9.3793, 'fmt': '9.38'}","{'raw': 6.675, 'fmt': '6.68'}","{'raw': 21.15388, 'fmt': '21.15%'}","{'raw': -22.35111, 'fmt': '-22.35%'}","{'raw': 16.08081, 'fmt': '16.08%'}",4.0,TOR,ca,"{'raw': 9.141878, 'fmt': '9.14'}","{'raw': 9.605, 'fmt': '9.60'}"
2.0,0P0001AC6K.TO,"{'raw': 0.10479975, 'fmt': '0.10'}","{'raw': 0.0, 'fmt': '0.00'}","{'raw': 13.22231, 'fmt': '13.22%'}",CI Can Sm/Mid Cap Eq Corp Cl(SerAT8Shrs),"{'raw': 6.0015373, 'fmt': '6.00'}","{'raw': 8825578.0, 'fmt': '8.826M', 'longFmt': '8,825,578'}","{'raw': 0.0, 'fmt': '0.00'}","{'raw': 1.564362, 'fmt': '1.56%'}","{'raw': 22.31449, 'fmt': '22.31%'}","{'raw': 15.343534, 'fmt': '15.34%'}","{'raw': 6.804, 'fmt': '6.80'}","{'raw': 4.9262, 'fmt': '4.93'}","{'raw': 21.1179, 'fmt': '21.12%'}","{'raw': -22.39497, 'fmt': '-22.39%'}","{'raw': 16.06001, 'fmt': '16.06%'}",4.0,TOR,ca,"{'raw': 6.651194, 'fmt': '6.65'}","{'raw': 6.9827, 'fmt': '6.98'}"
2.0,0P0001AC50.TO,"{'raw': 0.23920059, 'fmt': '0.24'}","{'raw': 0.0, 'fmt': '0.00'}","{'raw': 13.22151, 'fmt': '13.22%'}",CI Can Sm/Mid Cap Eq Corp Cl(SerAShrs),"{'raw': 13.293196, 'fmt': '13.29'}","{'raw': 8825578.0, 'fmt': '8.826M', 'longFmt': '8,825,578'}","{'raw': 0.0, 'fmt': '0.00'}","{'raw': 1.5638114, 'fmt': '1.56%'}","{'raw': 22.30184, 'fmt': '22.30%'}","{'raw': 24.538649, 'fmt': '24.54%'}","{'raw': 15.5352, 'fmt': '15.54'}","{'raw': 10.7532, 'fmt': '10.75'}","{'raw': 21.11327, 'fmt': '21.11%'}","{'raw': -22.3565, 'fmt': '-22.36%'}","{'raw': 16.10193, 'fmt': '16.10%'}",4.0,TOR,ca,"{'raw': 15.067994, 'fmt': '15.07'}","{'raw': 15.8525, 'fmt': '15.85'}"
2.0,0P0001AC51.TO,"{'raw': 0.24240017, 'fmt': '0.24'}","{'raw': 0.0, 'fmt': '0.00'}","{'raw': 13.22017, 'fmt': '13.22%'}",CI Can Sm/Mid Cap Eq Corp Cl(SerEShrs),"{'raw': 13.472035, 'fmt': '13.47'}","{'raw': 8825578.0, 'fmt': '8.826M', 'longFmt': '8,825,578'}","{'raw': 0.0, 'fmt': '0.00'}","{'raw': 1.563751, 'fmt': '1.56%'}","{'raw': 22.49411, 'fmt': '22.49%'}","{'raw': 24.595201, 'fmt': '24.60%'}","{'raw': 15.7436, 'fmt': '15.74'}","{'raw': 10.8981, 'fmt': '10.90'}","{'raw': 21.10407, 'fmt': '21.10%'}","{'raw': -22.21056, 'fmt': '-22.21%'}","{'raw': 16.19402, 'fmt': '16.19%'}",4.0,TOR,ca,"{'raw': 15.270212, 'fmt': '15.27'}","{'raw': 16.0652, 'fmt': '16.07'}"
2.0,0P0001AC6L.TO,"{'raw': 0.14319992, 'fmt': '0.14'}","{'raw': 0.0, 'fmt': '0.00'}","{'raw': 13.19643, 'fmt': '13.20%'}",CI Can Sm/Mid Cap Eq Corp Cl(SerAT5Shrs),"{'raw': 8.111944, 'fmt': '8.11'}","{'raw': 8825578.0, 'fmt': '8.826M', 'longFmt': '8,825,578'}","{'raw': 0.0, 'fmt': '0.00'}","{'raw': 1.5635399, 'fmt': '1.56%'}","{'raw': 22.23381, 'fmt': '22.23%'}","{'raw': 18.696642, 'fmt': '18.70%'}","{'raw': 9.3019, 'fmt': '9.30'}","{'raw': 6.6226, 'fmt': '6.62'}","{'raw': 21.02298, 'fmt': '21.02%'}","{'raw': -22.40979, 'fmt': '-22.41%'}","{'raw': 15.98425, 'fmt': '15.98%'}",4.0,TOR,ca,"{'raw': 9.066182, 'fmt': '9.07'}","{'raw': 9.5256, 'fmt': '9.53'}"
,0P0001DG8Z.TO,"{'raw': 0.27070045, 'fmt': '0.27'}","{'raw': 0.0, 'fmt': '0.00'}",,Leith Wheeler Carbon Con Cnd Eq F,"{'raw': 16.320736, 'fmt': '16.32'}","{'raw': 75334736.0, 'fmt': '75.335M', 'longFmt': '75,334,736'}","{'raw': 0.0, 'fmt': '0.00'}","{'raw': 1.5574056, 'fmt': '1.56%'}",,"{'raw': 10.977554, 'fmt': '10.98%'}","{'raw': 17.6522, 'fmt': '17.65'}","{'raw': 14.1805, 'fmt': '14.18'}",,,,,TOR,ca,"{'raw': 17.410934, 'fmt': '17.41'}","{'raw': 17.6821, 'fmt': '17.68'}"
,0P0000TOQX.TO,"{'raw': 0.39780045, 'fmt': '0.40'}","{'raw': 0.0, 'fmt': '0.00'}",,Purpose Global Innovators Series X,"{'raw': 22.770287, 'fmt': '22.77'}","{'raw': 23053599.0, 'fmt': '23.054M', 'longFmt': '23,053,599'}","{'raw': 0.0, 'fmt': '0.00'}","{'raw': 1.5476028, 'fmt': '1.55%'}",,"{'raw': 16.116165, 'fmt': '16.12%'}","{'raw': 26.1021, 'fmt': '26.10'}","{'raw': 17.0204, 'fmt': '17.02'}",,,,,TOR,ca,"{'raw': 24.887499, 'fmt': '24.89'}","{'raw': 26.4194, 'fmt': '26.42'}"
3.0,0P0000TOQY.TO,"{'raw': 0.39780045, 'fmt': '0.40'}","{'raw': 0.0, 'fmt': '0.00'}","{'raw': 5.57, 'fmt': '5.57%'}",Purpose Global Innovators Series F,"{'raw': 22.784138, 'fmt': '22.78'}","{'raw': 23053599.0, 'fmt': '23.054M', 'longFmt': '23,053,599'}","{'raw': 0.0, 'fmt': '0.00'}","{'raw': 1.5476028, 'fmt': '1.55%'}","{'raw': 49.65782, 'fmt': '49.66%'}","{'raw': 16.116165, 'fmt': '16.12%'}","{'raw': 26.1021, 'fmt': '26.10'}","{'raw': 17.0204, 'fmt': '17.02'}","{'raw': 11.59, 'fmt': '11.59%'}","{'raw': -11.89341, 'fmt': '-11.89%'}","{'raw': -5.38247, 'fmt': '-5.38%'}",4.0,TOR,ca,"{'raw': 24.887499, 'fmt': '24.89'}","{'raw': 26.4194, 'fmt': '26.42'}"
1.0,0P0001H9M6.F,"{'raw': 0.15289974, 'fmt': '0.15'}","{'raw': 0.0, 'fmt': '0.00'}","{'raw': 13.9861, 'fmt': '13.99%'}",Baillie Gifford WW Discovery A EUR Acc,"{'raw': 8.887, 'fmt': '8.89'}","{'raw': 0.0, 'fmt': '0', 'longFmt': '0'}","{'raw': 0.0, 'fmt': '0.00'}","{'raw': 1.5451754, 'fmt': '1.55%'}","{'raw': 1.47257, 'fmt': '1.47%'}","{'raw': 15.348053, 'fmt': '15.35%'}","{'raw': 10.0482, 'fmt': '10.05'}","{'raw': 6.7453, 'fmt': '6.75'}","{'raw': 0.08461, 'fmt': '0.08%'}","{'raw': -15.49266, 'fmt': '-15.49%'}","{'raw': 38.5456, 'fmt': '38.55%'}",4.0,TOR,ca,"{'raw': 9.781038, 'fmt': '9.78'}","{'raw': 10.2603, 'fmt': '10.26'}"
1.0,0P0000TOQW.TO,"{'raw': 0.34479904, 'fmt': '0.34'}","{'raw': 0.0, 'fmt': '0.00'}","{'raw': 6.58722, 'fmt': '6.59%'}",Purpose Global Innovators Series A,"{'raw': 19.84168, 'fmt': '19.84'}","{'raw': 23053599.0, 'fmt': '23.054M', 'longFmt': '23,053,599'}","{'raw': 0.0, 'fmt': '0.00'}","{'raw': 1.5445771, 'fmt': '1.54%'}","{'raw': 14.16016, 'fmt': '14.16%'}","{'raw': 14.881718, 'fmt': '14.88%'}","{'raw': 22.668, 'fmt': '22.67'}","{'raw': 14.872, 'fmt': '14.87'}","{'raw': 9.95188, 'fmt': '9.95%'}","{'raw': -40.31083, 'fmt': '-40.31%'}","{'raw': 49.67549, 'fmt': '49.68%'}",5.0,TOR,ca,"{'raw': 21.635283, 'fmt': '21.64'}","{'raw': 22.9451, 'fmt': '22.95'}"
,0P0001TL81.TO,"{'raw': 0.2397995, 'fmt': '0.24'}","{'raw': 0.0, 'fmt': '0.00'}",,Dynamic Global Growth Opportunities F,"{'raw': 14.059681, 'fmt': '14.06'}","{'raw': 199687689.0, 'fmt': '199.688M', 'longFmt': '199,687,689'}","{'raw': 0.0, 'fmt': '0.00'}","{'raw': 1.5427539, 'fmt': '1.54%'}",,"{'raw': 26.837456, 'fmt': '26.84%'}","{'raw': 15.7834, 'fmt': '15.78'}","{'raw': 11.028, 'fmt': '11.03'}",,,,,TOR,ca,"{'raw': 15.319066, 'fmt': '15.32'}","{'raw': 15.9221, 'fmt': '15.92'}"
,0P0001TL80.TO,"{'raw': 0.22030067, 'fmt': '0.22'}","{'raw': 0.0, 'fmt': '0.00'}",,0P0001TL80.TO,"{'raw': 12.987823, 'fmt': '12.99'}","{'raw': 199687689.0, 'fmt': '199.688M', 'longFmt': '199,687,689'}","{'raw': 0.0, 'fmt': '0.00'}","{'raw': 1.539692, 'fmt': '1.54%'}",,"{'raw': 25.99318, 'fmt': '25.99%'}","{'raw': 14.5284, 'fmt': '14.53'}","{'raw': 10.2061, 'fmt': '10.21'}",,,,,TOR,ca,"{'raw': 14.114646, 'fmt': '14.11'}","{'raw': 14.6733, 'fmt': '14.67'}"
3.0,0P0000NH4I.TO,"{'raw': 0.4210987, 'fmt': '0.42'}","{'raw': 0.0, 'fmt': '0.00'}","{'raw': 6.58725, 'fmt': '6.59%'}",Dynamic Power Global Balanced Cl Sr IP,"{'raw': 25.580254, 'fmt': '25.58'}","{'raw': 235755740.0, 'fmt': '235.756M', 'longFmt': '235,755,740'}","{'raw': 0.0, 'fmt': '0.00'}","{'raw': 1.5285388, 'fmt': '1.53%'}","{'raw': 25.08485, 'fmt': '25.08%'}","{'raw': 18.049599, 'fmt': '18.05%'}","{'raw': 27.9702, 'fmt': '27.97'}","{'raw': 21.4375, 'fmt': '21.44'}","{'raw': 10.83716, 'fmt': '10.84%'}","{'raw': -39.26674, 'fmt': '-39.27%'}","{'raw': 57.70093, 'fmt': '57.70%'}",5.0,TOR,ca,"{'raw': 27.011883, 'fmt': '27.01'}","{'raw': 27.9702, 'fmt': '27.97'}"
,0P0000HLST.TO,"{'raw': 0.41860008, 'fmt': '0.42'}","{'raw': 0.0, 'fmt': '0.00'}",,0P0000HLST.TO,"{'raw': 25.60821, 'fmt': '25.61'}","{'raw': 235755740.0, 'fmt': '235.756M', 'longFmt': '235,755,740'}","{'raw': 0.0, 'fmt': '0.00'}","{'raw': 1.525177, 'fmt': '1.53%'}",,"{'raw': 16.636599, 'fmt': '16.64%'}","{'raw': 27.8646, 'fmt': '27.86'}","{'raw': 21.5048, 'fmt': '21.50'}",,,,,TOR,ca,"{'raw': 26.940882, 'fmt': '26.94'}","{'raw': 27.8646, 'fmt': '27.86'}"
2.0,0P0000HK8B.TO,"{'raw': 0.35099983, 'fmt': '0.35'}","{'raw': 0.0, 'fmt': '0.00'}","{'raw': 5.96289, 'fmt': '5.96%'}",Dynamic Power Global Balanced Cl Sr A,"{'raw': 21.600159, 'fmt': '21.60'}","{'raw': 235755740.0, 'fmt': '235.756M', 'longFmt': '235,755,740'}","{'raw': 0.0, 'fmt': '0.00'}","{'raw': 1.5224853, 'fmt': '1.52%'}","{'raw': 22.22037, 'fmt': '22.22%'}","{'raw': 15.369713, 'fmt': '15.37%'}","{'raw': 23.4054, 'fmt': '23.41'}","{'raw': 18.1773, 'fmt': '18.18'}","{'raw': 8.7172, 'fmt': '8.72%'}","{'raw': -40.64109, 'fmt': '-40.64%'}","{'raw': 52.44704, 'fmt': '52.45%'}",5.0,TOR,ca,"{'raw': 22.653152, 'fmt': '22.65'}","{'raw': 23.4686, 'fmt': '23.47'}"
,0P0001VEUA.TO,"{'raw': 0.21169949, 'fmt': '0.21'}","{'raw': 0.0, 'fmt': '0.00'}",,CI Global Artificial Intelligence P,"{'raw': 11.904939, 'fmt': '11.90'}","{'raw': 900808654.0, 'fmt': '900.809M', 'longFmt': '900,808,654'}","{'raw': 0.0, 'fmt': '0.00'}","{'raw': 1.5184516, 'fmt': '1.52%'}",,"{'raw': 42.72677, 'fmt': '42.73%'}","{'raw': 14.1535, 'fmt': '14.15'}","{'raw': 9.9165, 'fmt': '9.92'}",,,,,TOR,ca,"{'raw': 12.885672, 'fmt': '12.89'}","{'raw': 14.2318, 'fmt': '14.23'}"
,0P0001VEU9.TO,"{'raw': 0.21189976, 'fmt': '0.21'}","{'raw': 0.0, 'fmt': '0.00'}",,CI Global Artificial Intelligence I,"{'raw': 11.877904, 'fmt': '11.88'}","{'raw': 900808654.0, 'fmt': '900.809M', 'longFmt': '900,808,654'}","{'raw': 0.0, 'fmt': '0.00'}","{'raw': 1.5183307, 'fmt': '1.52%'}",,"{'raw': 41.68, 'fmt': '41.68%'}","{'raw': 14.168, 'fmt': '14.17'}","{'raw': 9.9166, 'fmt': '9.92'}",,,,,TOR,ca,"{'raw': 12.894536, 'fmt': '12.89'}","{'raw': 14.2463, 'fmt': '14.25'}"
,0P0001VEU8.TO,"{'raw': 0.2109003, 'fmt': '0.21'}","{'raw': 0.0, 'fmt': '0.00'}",,CI Global Artificial Intelligence F,"{'raw': 11.8878145, 'fmt': '11.89'}","{'raw': 900808654.0, 'fmt': '900.809M', 'longFmt': '900,808,654'}","{'raw': 0.0, 'fmt': '0.00'}","{'raw': 1.5165592, 'fmt': '1.52%'}",,"{'raw': 42.367043, 'fmt': '42.37%'}","{'raw': 14.1174, 'fmt': '14.12'}","{'raw': 9.9162, 'fmt': '9.92'}",,,,,TOR,ca,"{'raw': 12.858036, 'fmt': '12.86'}","{'raw': 14.196, 'fmt': '14.20'}"
,0P0001VEU7.TO,"{'raw': 0.20950031, 'fmt': '0.21'}","{'raw': 0.0, 'fmt': '0.00'}",,CI Global Artificial Intelligence A,"{'raw': 11.824067, 'fmt': '11.82'}","{'raw': 900808654.0, 'fmt': '900.809M', 'longFmt': '900,808,654'}","{'raw': 0.0, 'fmt': '0.00'}","{'raw': 1.5140588, 'fmt': '1.51%'}",,"{'raw': 40.464996, 'fmt': '40.46%'}","{'raw': 14.0465, 'fmt': '14.05'}","{'raw': 9.9156, 'fmt': '9.92'}",,,,,TOR,ca,"{'raw': 12.806734, 'fmt': '12.81'}","{'raw': 14.1256, 'fmt': '14.13'}"
,0P0001M4SJ.TO,"{'raw': 0.24440002, 'fmt': '0.24'}","{'raw': 0.0, 'fmt': '0.00'}",,Portland Life Sciences Alt F,"{'raw': 15.690789, 'fmt': '15.69'}","{'raw': 14782513.0, 'fmt': '14.783M', 'longFmt': '14,782,513'}","{'raw': 0.0, 'fmt': '0.00'}","{'raw': 1.4903259, 'fmt': '1.49%'}",,"{'raw': -22.39309, 'fmt': '-22.39%'}","{'raw': 16.6435, 'fmt': '16.64'}","{'raw': 12.975, 'fmt': '12.98'}",,,,,TOR,ca,"{'raw': 15.742836, 'fmt': '15.74'}","{'raw': 21.4459, 'fmt': '21.45'}"
,0P0001M4SI.TO,"{'raw': 0.23360062, 'fmt': '0.23'}","{'raw': 0.0, 'fmt': '0.00'}","{'raw': 4.60384, 'fmt': '4.60%'}",Portland Life Sciences Alt A,"{'raw': 14.986369, 'fmt': '14.99'}","{'raw': 14782513.0, 'fmt': '14.783M', 'longFmt': '14,782,513'}","{'raw': 0.0, 'fmt': '0.00'}","{'raw': 1.4872389, 'fmt': '1.49%'}",,"{'raw': -23.24996, 'fmt': '-23.25%'}","{'raw': 15.9406, 'fmt': '15.94'}","{'raw': 12.5061, 'fmt': '12.51'}","{'raw': 4.83322, 'fmt': '4.83%'}",,,,TOR,ca,"{'raw': 15.093542, 'fmt': '15.09'}","{'raw': 20.7695, 'fmt': '20.77'}"
,0P0001RRXX.TO,"{'raw': 0.26810074, 'fmt': '0.27'}","{'raw': 0.0, 'fmt': '0.00'}",,IA Clarington Loomis US All Cp Gr W,"{'raw': 16.288158, 'fmt': '16.29'}","{'raw': 238763982.0, 'fmt': '238.764M', 'longFmt': '238,763,982'}","{'raw': 0.0, 'fmt': '0.00'}","{'raw': 1.4781653, 'fmt': '1.48%'}",,"{'raw': 23.110413, 'fmt': '23.11%'}","{'raw': 18.4055, 'fmt': '18.41'}","{'raw': 12.663, 'fmt': '12.66'}",,,,,TOR,ca,"{'raw': 17.952269, 'fmt': '17.95'}","{'raw': 18.6639, 'fmt': '18.66'}"
,0P0001LTP2.TO,"{'raw': 0.29950142, 'fmt': '0.30'}","{'raw': 0.0, 'fmt': '0.00'}",,IA Clarington Loomis US All Cp Gr F,"{'raw': 18.237507, 'fmt': '18.24'}","{'raw': 238763982.0, 'fmt': '238.764M', 'longFmt': '238,763,982'}","{'raw': 0.0, 'fmt': '0.00'}","{'raw': 1.4773269, 'fmt': '1.48%'}",,"{'raw': 22.94687, 'fmt': '22.95%'}","{'raw': 20.5727, 'fmt': '20.57'}","{'raw': 14.1725, 'fmt': '14.17'}",,,,,TOR,ca,"{'raw': 20.068834, 'fmt': '20.07'}","{'raw': 20.8616, 'fmt': '20.86'}"
,0P0001LTP0.TO,"{'raw': 0.2852993, 'fmt': '0.29'}","{'raw': 0.0, 'fmt': '0.00'}","{'raw': 9.11995, 'fmt': '9.12%'}",IA Clarington Loomis US All Cp Gr E,"{'raw': 17.395725, 'fmt': '17.40'}","{'raw': 238763982.0, 'fmt': '238.764M', 'longFmt': '238,763,982'}","{'raw': 0.0, 'fmt': '0.00'}","{'raw': 1.4745598, 'fmt': '1.47%'}",,"{'raw': 25.739872, 'fmt': '25.74%'}","{'raw': 19.6334, 'fmt': '19.63'}","{'raw': 13.6024, 'fmt': '13.60'}","{'raw': 17.05737, 'fmt': '17.06%'}",,,,TOR,ca,"{'raw': 19.171202, 'fmt': '19.17'}","{'raw': 19.9109, 'fmt': '19.91'}"
,0P0001LTOZ.TO,"{'raw': 0.2820015, 'fmt': '0.28'}","{'raw': 0.0, 'fmt': '0.00'}","{'raw': 9.03548, 'fmt': '9.04%'}",IA Clarington Loomis US All Cp Gr A,"{'raw': 17.215157, 'fmt': '17.22'}","{'raw': 238763982.0, 'fmt': '238.764M', 'longFmt': '238,763,982'}","{'raw': 0.0, 'fmt': '0.00'}","{'raw': 1.4740244, 'fmt': '1.47%'}",,"{'raw': 25.46873, 'fmt': '25.47%'}","{'raw': 19.4134, 'fmt': '19.41'}","{'raw': 13.4666, 'fmt': '13.47'}","{'raw': 16.95509, 'fmt': '16.96%'}",,,,TOR,ca,"{'raw': 18.960154, 'fmt': '18.96'}","{'raw': 19.6881, 'fmt': '19.69'}"
